L1_Size,Execution_Time,Hits,Misses
16kB,4.079767,301186163,7345513
32kB,4.061065,301951865,6579811
64kB,4.043795,302663026,5868650
128kB,4.015990,303349720,5181956
256kB,3.959498,304021807,4509869
